Vendor,GRAPHTEC Corporation
Model,GL240
Firmware,Ver1.43
Software, "Ver1.30"
MaxChannel,10CH
GSStartCH
WLStartCH,10CH
Sampling,50ms
Total data points,386         
Trigger,0           
Start time,2023-06-04,13:29:59
Stop time,2023-06-04,13:30:19
Trigger time,2023-06-04,13:29:59
AC Mode, AC1_2, AC1_2
Logic/Pulse,Pulse,Off
Amp setting
CH, Signal name, AMP, Input, Range, Temp Range, Filter, Span
CH5,CH 5,M,DC,2V,,Off,50.000000,-50.000000,A
CH6,CH 6,M,DC,100V,,Off,50.000000,-50.000000,V
Pulse1,COUNT,L,On,500000.000000,0.000000,C
Data
No., Date&Time, ms,CH5,CH6,Pulse1,Alarm1,AlarmLP,AlarmOut
NO.,Time,ms,A,V,C,A1234567890,A1-28,A123456789
1,2023-06-04 13:29:59,000,-0.0320,+50.45,0,LLLLLLLLLL,LLLLLLLLLLLLLLLL,LLLLLLLLL
2,2023-06-04 13:29:59,050,-0.0480,+50.45,0,LLLLLLLLLL,LLLLLLLLLLLLLLLL,LLLLLLLLL
3,2023-06-04 13:29:59,100,-0.0480,+50.45,0,LLLLLLLLLL,LLLLLLLLLLLLLLLL,LLLLLLLLL
4,2023-06-04 13:29:59,150,-0.0320,+50.45,0,LLLLLLLLLL,LLLLLLLLLLLLLLLL,LLLLLLLLL
5,2023-06-04 13:29:59,200,-0.0480,+50.45,0,LLLLLLLLLL,LLLLLLLLLLLLLLLL,LLLLLLLLL
6,2023-06-04 13:29:59,250,-0.0480,+50.45,0,LLLLLLLLLL,LLLLLLLLLLLLLLLL,LLLLLLLLL
7,2023-06-04 13:29:59,300,-0.0400,+50.45,0,LLLLLLLLLL,LLLLLLLLLLLLLLLL,LLLLLLLLL
8,2023-06-04 13:29:59,350,-0.0400,+50.45,0,LLLLLLLLLL,LLLLLLLLLLLLLLLL,LLLLLLLLL
9,2023-06-04 13:29:59,400,-0.0400,+50.45,0,LLLLLLLLLL,LLLLLLLLLLLLLLLL,LLLLLLLLL
10,2023-06-04 13:29:59,450,-0.0480,+50.45,0,LLLLLLLLLL,LLLLLLLLLLLLLLLL,LLLLLLLLL
11,2023-06-04 13:29:59,500,-0.0480,+50.45,0,LLLLLLLLLL,LLLLLLLLLLLLLLLL,LLLLLLLLL
12,2023-06-04 13:29:59,550,-0.0400,+50.45,0,LLLLLLLLLL,LLLLLLLLLLLLLLLL,LLLLLLLLL
13,2023-06-04 13:29:59,600,-0.0400,+50.45,0,LLLLLLLLLL,LLLLLLLLLLLLLLLL,LLLLLLLLL
14,2023-06-04 13:29:59,650,-0.0560,+50.45,0,LLLLLLLLLL,LLLLLLLLLLLLLLLL,LLLLLLLLL
15,2023-06-04 13:29:59,700,-0.0400,+50.45,0,LLLLLLLLLL,LLLLLLLLLLLLLLLL,LLLLLLLLL
16,2023-06-04 13:29:59,750,-0.0320,+50.45,0,LLLLLLLLLL,LLLLLLLLLLLLLLLL,LLLLLLLLL
17,2023-06-04 13:29:59,800,-0.0400,+50.45,0,LLLLLLLLLL,LLLLLLLLLLLLLLLL,LLLLLLLLL
18,2023-06-04 13:29:59,850,-0.0480,+50.45,0,LLLLLLLLLL,LLLLLLLLLLLLLLLL,LLLLLLLLL
19,2023-06-04 13:29:59,900,-0.0560,+50.45,0,LLLLLLLLLL,LLLLLLLLLLLLLLLL,LLLLLLLLL
20,2023-06-04 13:29:59,950,-0.0480,+50.45,0,LLLLLLLLLL,LLLLLLLLLLLLLLLL,LLLLLLLLL
21,2023-06-04 13:30:00,000,-0.0480,+50.45,0,LLLLLLLLLL,LLLLLLLLLLLLLLLL,LLLLLLLLL
22,2023-06-04 13:30:00,050,-0.0400,+50.45,0,LLLLLLLLLL,LLLLLLLLLLLLLLLL,LLLLLLLLL
23,2023-06-04 13:30:00,100,-0.0560,+50.45,0,LLLLLLLLLL,LLLLLLLLLLLLLLLL,LLLLLLLLL
24,2023-06-04 13:30:00,150,-0.0480,+50.45,0,LLLLLLLLLL,LLLLLLLLLLLLLLLL,LLLLLLLLL
25,2023-06-04 13:30:00,200,-0.0480,+50.45,0,LLLLLLLLLL,LLLLLLLLLLLLLLLL,LLLLLLLLL
26,2023-06-04 13:30:00,250,-0.0400,+50.45,0,LLLLLLLLLL,LLLLLLLLLLLLLLLL,LLLLLLLLL
27,2023-06-04 13:30:00,300,-0.0400,+50.45,0,LLLLLLLLLL,LLLLLLLLLLLLLLLL,LLLLLLLLL
28,2023-06-04 13:30:00,350,-0.0480,+50.45,0,LLLLLLLLLL,LLLLLLLLLLLLLLLL,LLLLLLLLL
29,2023-06-04 13:30:00,400,-0.0480,+50.45,0,LLLLLLLLLL,LLLLLLLLLLLLLLLL,LLLLLLLLL
30,2023-06-04 13:30:00,450,-0.0480,+50.45,0,LLLLLLLLLL,LLLLLLLLLLLLLLLL,LLLLLLLLL
31,2023-06-04 13:30:00,500,-0.0480,+50.45,0,LLLLLLLLLL,LLLLLLLLLLLLLLLL,LLLLLLLLL
32,2023-06-04 13:30:00,550,-0.0480,+50.45,0,LLLLLLLLLL,LLLLLLLLLLLLLLLL,LLLLLLLLL
33,2023-06-04 13:30:00,600,-0.0480,+50.45,0,LLLLLLLLLL,LLLLLLLLLLLLLLLL,LLLLLLLLL
34,2023-06-04 13:30:00,650,-0.0400,+50.45,0,LLLLLLLLLL,LLLLLLLLLLLLLLLL,LLLLLLLLL
35,2023-06-04 13:30:00,700,-0.0400,+50.45,0,LLLLLLLLLL,LLLLLLLLLLLLLLLL,LLLLLLLLL
36,2023-06-04 13:30:00,750,-0.0480,+50.45,0,LLLLLLLLLL,LLLLLLLLLLLLLLLL,LLLLLLLLL
37,2023-06-04 13:30:00,800,-0.0400,+50.45,0,LLLLLLLLLL,LLLLLLLLLLLLLLLL,LLLLLLLLL
38,2023-06-04 13:30:00,850,-0.0480,+50.45,0,LLLLLLLLLL,LLLLLLLLLLLLLLLL,LLLLLLLLL
39,2023-06-04 13:30:00,900,-0.0480,+50.45,0,LLLLLLLLLL,LLLLLLLLLLLLLLLL,LLLLLLLLL
40,2023-06-04 13:30:00,950,-0.0480,+50.45,0,LLLLLLLLLL,LLLLLLLLLLLLLLLL,LLLLLLLLL
41,2023-06-04 13:30:01,000,-0.0400,+50.45,0,LLLLLLLLLL,LLLLLLLLLLLLLLLL,LLLLLLLLL
42,2023-06-04 13:30:01,050,-0.0320,+50.46,0,LLLLLLLLLL,LLLLLLLLLLLLLLLL,LLLLLLLLL
43,2023-06-04 13:30:01,100,-0.0480,+50.45,0,LLLLLLLLLL,LLLLLLLLLLLLLLLL,LLLLLLLLL
44,2023-06-04 13:30:01,150,-0.0480,+50.45,0,LLLLLLLLLL,LLLLLLLLLLLLLLLL,LLLLLLLLL
45,2023-06-04 13:30:01,200,-0.0480,+50.45,0,LLLLLLLLLL,LLLLLLLLLLLLLLLL,LLLLLLLLL
46,2023-06-04 13:30:01,250,-0.0400,+50.45,0,LLLLLLLLLL,LLLLLLLLLLLLLLLL,LLLLLLLLL
47,2023-06-04 13:30:01,300,-0.0480,+50.45,0,LLLLLLLLLL,LLLLLLLLLLLLLLLL,LLLLLLLLL
48,2023-06-04 13:30:01,350,-0.0400,+50.45,0,LLLLLLLLLL,LLLLLLLLLLLLLLLL,LLLLLLLLL
49,2023-06-04 13:30:01,400,-0.0400,+50.45,0,LLLLLLLLLL,LLLLLLLLLLLLLLLL,LLLLLLLLL
50,2023-06-04 13:30:01,450,-0.0400,+50.45,0,LLLLLLLLLL,LLLLLLLLLLLLLLLL,LLLLLLLLL
51,2023-06-04 13:30:01,500,-0.0480,+50.45,0,LLLLLLLLLL,LLLLLLLLLLLLLLLL,LLLLLLLLL
52,2023-06-04 13:30:01,550,-0.0400,+50.45,0,LLLLLLLLLL,LLLLLLLLLLLLLLLL,LLLLLLLLL
53,2023-06-04 13:30:01,600,-0.0560,+50.45,0,LLLLLLLLLL,LLLLLLLLLLLLLLLL,LLLLLLLLL
54,2023-06-04 13:30:01,650,-0.0480,+50.45,0,LLLLLLLLLL,LLLLLLLLLLLLLLLL,LLLLLLLLL
55,2023-06-04 13:30:01,700,-0.0400,+50.45,0,LLLLLLLLLL,LLLLLLLLLLLLLLLL,LLLLLLLLL
56,2023-06-04 13:30:01,750,-0.0560,+50.45,0,LLLLLLLLLL,LLLLLLLLLLLLLLLL,LLLLLLLLL
57,2023-06-04 13:30:01,800,-0.0480,+50.45,0,LLLLLLLLLL,LLLLLLLLLLLLLLLL,LLLLLLLLL
58,2023-06-04 13:30:01,850,-0.0480,+50.45,0,LLLLLLLLLL,LLLLLLLLLLLLLLLL,LLLLLLLLL
59,2023-06-04 13:30:01,900,-0.0480,+50.45,0,LLLLLLLLLL,LLLLLLLLLLLLLLLL,LLLLLLLLL
60,2023-06-04 13:30:01,950,-0.0400,+50.45,0,LLLLLLLLLL,LLLLLLLLLLLLLLLL,LLLLLLLLL
61,2023-06-04 13:30:02,000,-0.0400,+50.45,0,LLLLLLLLLL,LLLLLLLLLLLLLLLL,LLLLLLLLL
62,2023-06-04 13:30:02,050,-0.0480,+50.45,0,LLLLLLLLLL,LLLLLLLLLLLLLLLL,LLLLLLLLL
63,2023-06-04 13:30:02,100,-0.0560,+50.45,0,LLLLLLLLLL,LLLLLLLLLLLLLLLL,LLLLLLLLL
64,2023-06-04 13:30:02,150,-0.0400,+50.45,0,LLLLLLLLLL,LLLLLLLLLLLLLLLL,LLLLLLLLL
65,2023-06-04 13:30:02,200,-0.0480,+50.45,0,LLLLLLLLLL,LLLLLLLLLLLLLLLL,LLLLLLLLL
66,2023-06-04 13:30:02,250,-0.0480,+50.45,0,LLLLLLLLLL,LLLLLLLLLLLLLLLL,LLLLLLLLL
67,2023-06-04 13:30:02,300,-0.0480,+50.45,0,LLLLLLLLLL,LLLLLLLLLLLLLLLL,LLLLLLLLL
68,2023-06-04 13:30:02,350,-0.0400,+50.45,0,LLLLLLLLLL,LLLLLLLLLLLLLLLL,LLLLLLLLL
69,2023-06-04 13:30:02,400,-0.0400,+50.45,0,LLLLLLLLLL,LLLLLLLLLLLLLLLL,LLLLLLLLL
70,2023-06-04 13:30:02,450,-0.0400,+50.45,0,LLLLLLLLLL,LLLLLLLLLLLLLLLL,LLLLLLLLL
71,2023-06-04 13:30:02,500,-0.0480,+50.46,0,LLLLLLLLLL,LLLLLLLLLLLLLLLL,LLLLLLLLL
72,2023-06-04 13:30:02,550,-0.0400,+50.45,0,LLLLLLLLLL,LLLLLLLLLLLLLLLL,LLLLLLLLL
73,2023-06-04 13:30:02,600,-0.0560,+50.45,0,LLLLLLLLLL,LLLLLLLLLLLLLLLL,LLLLLLLLL
74,2023-06-04 13:30:02,650,-0.0480,+50.46,0,LLLLLLLLLL,LLLLLLLLLLLLLLLL,LLLLLLLLL
75,2023-06-04 13:30:02,700,-0.0400,+50.45,0,LLLLLLLLLL,LLLLLLLLLLLLLLLL,LLLLLLLLL
76,2023-06-04 13:30:02,750,-0.0400,+50.46,0,LLLLLLLLLL,LLLLLLLLLLLLLLLL,LLLLLLLLL
77,2023-06-04 13:30:02,800,-0.0480,+50.45,0,LLLLLLLLLL,LLLLLLLLLLLLLLLL,LLLLLLLLL
78,2023-06-04 13:30:02,850,-0.0400,+50.45,0,LLLLLLLLLL,LLLLLLLLLLLLLLLL,LLLLLLLLL
79,2023-06-04 13:30:02,900,-0.0320,+50.45,0,LLLLLLLLLL,LLLLLLLLLLLLLLLL,LLLLLLLLL
80,2023-06-04 13:30:02,950,-0.0480,+50.45,0,LLLLLLLLLL,LLLLLLLLLLLLLLLL,LLLLLLLLL
81,2023-06-04 13:30:03,000,-0.0560,+50.45,0,LLLLLLLLLL,LLLLLLLLLLLLLLLL,LLLLLLLLL
82,2023-06-04 13:30:03,050,-0.0480,+50.45,0,LLLLLLLLLL,LLLLLLLLLLLLLLLL,LLLLLLLLL
83,2023-06-04 13:30:03,100,-0.0480,+50.45,0,LLLLLLLLLL,LLLLLLLLLLLLLLLL,LLLLLLLLL
84,2023-06-04 13:30:03,150,-0.0400,+50.45,0,LLLLLLLLLL,LLLLLLLLLLLLLLLL,LLLLLLLLL
85,2023-06-04 13:30:03,200,-0.0480,+50.45,0,LLLLLLLLLL,LLLLLLLLLLLLLLLL,LLLLLLLLL
86,2023-06-04 13:30:03,250,-0.0480,+50.45,0,LLLLLLLLLL,LLLLLLLLLLLLLLLL,LLLLLLLLL
87,2023-06-04 13:30:03,300,-0.0400,+50.45,0,LLLLLLLLLL,LLLLLLLLLLLLLLLL,LLLLLLLLL
88,2023-06-04 13:30:03,350,-0.0480,+50.45,0,LLLLLLLLLL,LLLLLLLLLLLLLLLL,LLLLLLLLL
89,2023-06-04 13:30:03,400,-0.0560,+50.45,0,LLLLLLLLLL,LLLLLLLLLLLLLLLL,LLLLLLLLL
90,2023-06-04 13:30:03,450,-0.0480,+50.45,0,LLLLLLLLLL,LLLLLLLLLLLLLLLL,LLLLLLLLL
91,2023-06-04 13:30:03,500,-0.0480,+50.46,0,LLLLLLLLLL,LLLLLLLLLLLLLLLL,LLLLLLLLL
92,2023-06-04 13:30:03,550,-0.0480,+50.45,0,LLLLLLLLLL,LLLLLLLLLLLLLLLL,LLLLLLLLL
93,2023-06-04 13:30:03,600,-0.0560,+50.45,0,LLLLLLLLLL,LLLLLLLLLLLLLLLL,LLLLLLLLL
94,2023-06-04 13:30:03,650,-0.0480,+50.45,0,LLLLLLLLLL,LLLLLLLLLLLLLLLL,LLLLLLLLL
95,2023-06-04 13:30:03,700,-0.0560,+50.45,0,LLLLLLLLLL,LLLLLLLLLLLLLLLL,LLLLLLLLL
96,2023-06-04 13:30:03,750,-0.0480,+50.45,0,LLLLLLLLLL,LLLLLLLLLLLLLLLL,LLLLLLLLL
97,2023-06-04 13:30:03,800,-0.0400,+50.46,0,LLLLLLLLLL,LLLLLLLLLLLLLLLL,LLLLLLLLL
98,2023-06-04 13:30:03,850,-0.0480,+50.45,0,LLLLLLLLLL,LLLLLLLLLLLLLLLL,LLLLLLLLL
99,2023-06-04 13:30:03,900,-0.0400,+50.45,0,LLLLLLLLLL,LLLLLLLLLLLLLLLL,LLLLLLLLL
100,2023-06-04 13:30:03,950,-0.0400,+50.45,0,LLLLLLLLLL,LLLLLLLLLLLLLLLL,LLLLLLLLL
101,2023-06-04 13:30:04,000,-0.0480,+50.46,0,LLLLLLLLLL,LLLLLLLLLLLLLLLL,LLLLLLLLL
102,2023-06-04 13:30:04,050,-0.0560,+50.45,0,LLLLLLLLLL,LLLLLLLLLLLLLLLL,LLLLLLLLL
103,2023-06-04 13:30:04,100,-0.0400,+50.45,0,LLLLLLLLLL,LLLLLLLLLLLLLLLL,LLLLLLLLL
104,2023-06-04 13:30:04,150,-0.0400,+50.45,0,LLLLLLLLLL,LLLLLLLLLLLLLLLL,LLLLLLLLL
105,2023-06-04 13:30:04,200,-0.0400,+50.45,0,LLLLLLLLLL,LLLLLLLLLLLLLLLL,LLLLLLLLL
106,2023-06-04 13:30:04,250,-0.0480,+50.45,0,LLLLLLLLLL,LLLLLLLLLLLLLLLL,LLLLLLLLL
107,2023-06-04 13:30:04,300,-0.0480,+50.46,0,LLLLLLLLLL,LLLLLLLLLLLLLLLL,LLLLLLLLL
108,2023-06-04 13:30:04,350,-0.0480,+50.45,0,LLLLLLLLLL,LLLLLLLLLLLLLLLL,LLLLLLLLL
109,2023-06-04 13:30:04,400,-0.0560,+50.45,0,LLLLLLLLLL,LLLLLLLLLLLLLLLL,LLLLLLLLL
110,2023-06-04 13:30:04,450,-0.0400,+50.45,0,LLLLLLLLLL,LLLLLLLLLLLLLLLL,LLLLLLLLL
111,2023-06-04 13:30:04,500,-0.0400,+50.45,0,LLLLLLLLLL,LLLLLLLLLLLLLLLL,LLLLLLLLL
112,2023-06-04 13:30:04,550,-0.0480,+50.45,0,LLLLLLLLLL,LLLLLLLLLLLLLLLL,LLLLLLLLL
113,2023-06-04 13:30:04,600,-0.0560,+50.46,0,LLLLLLLLLL,LLLLLLLLLLLLLLLL,LLLLLLLLL
114,2023-06-04 13:30:04,650,-0.0480,+50.45,0,LLLLLLLLLL,LLLLLLLLLLLLLLLL,LLLLLLLLL
115,2023-06-04 13:30:04,700,-0.0480,+50.45,0,LLLLLLLLLL,LLLLLLLLLLLLLLLL,LLLLLLLLL
116,2023-06-04 13:30:04,750,-0.0480,+50.45,0,LLLLLLLLLL,LLLLLLLLLLLLLLLL,LLLLLLLLL
117,2023-06-04 13:30:04,800,-0.0560,+50.45,0,LLLLLLLLLL,LLLLLLLLLLLLLLLL,LLLLLLLLL
118,2023-06-04 13:30:04,850,-0.0480,+50.45,0,LLLLLLLLLL,LLLLLLLLLLLLLLLL,LLLLLLLLL
119,2023-06-04 13:30:04,900,-0.0480,+50.45,0,LLLLLLLLLL,LLLLLLLLLLLLLLLL,LLLLLLLLL
120,2023-06-04 13:30:04,950,-0.0480,+50.46,0,LLLLLLLLLL,LLLLLLLLLLLLLLLL,LLLLLLLLL
121,2023-06-04 13:30:05,000,-0.0480,+50.46,0,LLLLLLLLLL,LLLLLLLLLLLLLLLL,LLLLLLLLL
122,2023-06-04 13:30:05,050,-0.0560,+50.46,0,LLLLLLLLLL,LLLLLLLLLLLLLLLL,LLLLLLLLL
123,2023-06-04 13:30:05,100,-0.0480,+50.45,0,LLLLLLLLLL,LLLLLLLLLLLLLLLL,LLLLLLLLL
124,2023-06-04 13:30:05,150,-0.0480,+50.46,0,LLLLLLLLLL,LLLLLLLLLLLLLLLL,LLLLLLLLL
125,2023-06-04 13:30:05,200,-0.0480,+50.45,0,LLLLLLLLLL,LLLLLLLLLLLLLLLL,LLLLLLLLL
126,2023-06-04 13:30:05,250,-0.0400,+50.45,0,LLLLLLLLLL,LLLLLLLLLLLLLLLL,LLLLLLLLL
127,2023-06-04 13:30:05,300,-0.0400,+50.46,0,LLLLLLLLLL,LLLLLLLLLLLLLLLL,LLLLLLLLL
128,2023-06-04 13:30:05,350,-0.0400,+50.46,0,LLLLLLLLLL,LLLLLLLLLLLLLLLL,LLLLLLLLL
129,2023-06-04 13:30:05,400,-0.0480,+50.46,0,LLLLLLLLLL,LLLLLLLLLLLLLLLL,LLLLLLLLL
130,2023-06-04 13:30:05,450,-0.0480,+50.45,0,LLLLLLLLLL,LLLLLLLLLLLLLLLL,LLLLLLLLL
131,2023-06-04 13:30:05,500,-0.0480,+50.46,0,LLLLLLLLLL,LLLLLLLLLLLLLLLL,LLLLLLLLL
132,2023-06-04 13:30:05,550,-0.0480,+50.45,0,LLLLLLLLLL,LLLLLLLLLLLLLLLL,LLLLLLLLL
133,2023-06-04 13:30:05,600,-0.0480,+50.46,0,LLLLLLLLLL,LLLLLLLLLLLLLLLL,LLLLLLLLL
134,2023-06-04 13:30:05,650,-0.0560,+50.45,0,LLLLLLLLLL,LLLLLLLLLLLLLLLL,LLLLLLLLL
135,2023-06-04 13:30:05,700,-0.0560,+50.46,0,LLLLLLLLLL,LLLLLLLLLLLLLLLL,LLLLLLLLL
136,2023-06-04 13:30:05,750,-0.0400,+50.45,0,LLLLLLLLLL,LLLLLLLLLLLLLLLL,LLLLLLLLL
137,2023-06-04 13:30:05,800,-0.0400,+50.45,0,LLLLLLLLLL,LLLLLLLLLLLLLLLL,LLLLLLLLL
138,2023-06-04 13:30:05,850,-0.0560,+50.46,0,LLLLLLLLLL,LLLLLLLLLLLLLLLL,LLLLLLLLL
139,2023-06-04 13:30:05,900,-0.0480,+50.45,0,LLLLLLLLLL,LLLLLLLLLLLLLLLL,LLLLLLLLL
140,2023-06-04 13:30:05,950,-0.0400,+50.45,0,LLLLLLLLLL,LLLLLLLLLLLLLLLL,LLLLLLLLL
141,2023-06-04 13:30:06,000,-0.0400,+50.45,0,LLLLLLLLLL,LLLLLLLLLLLLLLLL,LLLLLLLLL
142,2023-06-04 13:30:06,050,-0.0480,+50.45,0,LLLLLLLLLL,LLLLLLLLLLLLLLLL,LLLLLLLLL
143,2023-06-04 13:30:06,100,-0.0400,+50.46,0,LLLLLLLLLL,LLLLLLLLLLLLLLLL,LLLLLLLLL
144,2023-06-04 13:30:06,150,-0.0480,+50.45,0,LLLLLLLLLL,LLLLLLLLLLLLLLLL,LLLLLLLLL
145,2023-06-04 13:30:06,200,-0.0480,+50.45,0,LLLLLLLLLL,LLLLLLLLLLLLLLLL,LLLLLLLLL
146,2023-06-04 13:30:06,250,-0.0480,+50.46,0,LLLLLLLLLL,LLLLLLLLLLLLLLLL,LLLLLLLLL
147,2023-06-04 13:30:06,300,-0.0480,+50.45,0,LLLLLLLLLL,LLLLLLLLLLLLLLLL,LLLLLLLLL
148,2023-06-04 13:30:06,350,-0.0560,+50.45,0,LLLLLLLLLL,LLLLLLLLLLLLLLLL,LLLLLLLLL
149,2023-06-04 13:30:06,400,-0.0400,+50.45,0,LLLLLLLLLL,LLLLLLLLLLLLLLLL,LLLLLLLLL
150,2023-06-04 13:30:06,450,-0.0480,+50.46,0,LLLLLLLLLL,LLLLLLLLLLLLLLLL,LLLLLLLLL
151,2023-06-04 13:30:06,500,-0.0400,+50.45,0,LLLLLLLLLL,LLLLLLLLLLLLLLLL,LLLLLLLLL
152,2023-06-04 13:30:06,550,-0.0560,+50.46,0,LLLLLLLLLL,LLLLLLLLLLLLLLLL,LLLLLLLLL
153,2023-06-04 13:30:06,600,-0.0480,+50.45,0,LLLLLLLLLL,LLLLLLLLLLLLLLLL,LLLLLLLLL
154,2023-06-04 13:30:06,650,-0.0480,+50.46,0,LLLLLLLLLL,LLLLLLLLLLLLLLLL,LLLLLLLLL
155,2023-06-04 13:30:06,700,-0.0480,+50.46,0,LLLLLLLLLL,LLLLLLLLLLLLLLLL,LLLLLLLLL
156,2023-06-04 13:30:06,750,-0.0400,+50.45,0,LLLLLLLLLL,LLLLLLLLLLLLLLLL,LLLLLLLLL
157,2023-06-04 13:30:06,800,-0.0560,+50.46,0,LLLLLLLLLL,LLLLLLLLLLLLLLLL,LLLLLLLLL
158,2023-06-04 13:30:06,850,-0.0480,+50.46,0,LLLLLLLLLL,LLLLLLLLLLLLLLLL,LLLLLLLLL
159,2023-06-04 13:30:06,900,-0.0560,+50.46,0,LLLLLLLLLL,LLLLLLLLLLLLLLLL,LLLLLLLLL
160,2023-06-04 13:30:06,950,-0.0480,+50.46,0,LLLLLLLLLL,LLLLLLLLLLLLLLLL,LLLLLLLLL
161,2023-06-04 13:30:07,000,-0.0480,+50.45,0,LLLLLLLLLL,LLLLLLLLLLLLLLLL,LLLLLLLLL
162,2023-06-04 13:30:07,050,-0.0480,+50.45,0,LLLLLLLLLL,LLLLLLLLLLLLLLLL,LLLLLLLLL
163,2023-06-04 13:30:07,100,-0.0480,+50.45,0,LLLLLLLLLL,LLLLLLLLLLLLLLLL,LLLLLLLLL
164,2023-06-04 13:30:07,150,-0.0560,+50.45,0,LLLLLLLLLL,LLLLLLLLLLLLLLLL,LLLLLLLLL
165,2023-06-04 13:30:07,200,-0.0480,+50.45,0,LLLLLLLLLL,LLLLLLLLLLLLLLLL,LLLLLLLLL
166,2023-06-04 13:30:07,250,-0.0560,+50.46,0,LLLLLLLLLL,LLLLLLLLLLLLLLLL,LLLLLLLLL
167,2023-06-04 13:30:07,300,-0.0480,+50.45,0,LLLLLLLLLL,LLLLLLLLLLLLLLLL,LLLLLLLLL
168,2023-06-04 13:30:07,350,-0.0480,+50.45,0,LLLLLLLLLL,LLLLLLLLLLLLLLLL,LLLLLLLLL
169,2023-06-04 13:30:07,400,-0.0560,+50.45,0,LLLLLLLLLL,LLLLLLLLLLLLLLLL,LLLLLLLLL
170,2023-06-04 13:30:07,450,-0.0480,+50.45,0,LLLLLLLLLL,LLLLLLLLLLLLLLLL,LLLLLLLLL
171,2023-06-04 13:30:07,500,-0.0560,+50.46,0,LLLLLLLLLL,LLLLLLLLLLLLLLLL,LLLLLLLLL
172,2023-06-04 13:30:07,550,-0.0480,+50.46,0,LLLLLLLLLL,LLLLLLLLLLLLLLLL,LLLLLLLLL
173,2023-06-04 13:30:07,600,-0.0480,+50.45,0,LLLLLLLLLL,LLLLLLLLLLLLLLLL,LLLLLLLLL
174,2023-06-04 13:30:07,650,-0.0480,+50.45,0,LLLLLLLLLL,LLLLLLLLLLLLLLLL,LLLLLLLLL
175,2023-06-04 13:30:07,700,-0.0480,+50.45,0,LLLLLLLLLL,LLLLLLLLLLLLLLLL,LLLLLLLLL
176,2023-06-04 13:30:07,750,-0.0480,+50.45,0,LLLLLLLLLL,LLLLLLLLLLLLLLLL,LLLLLLLLL
177,2023-06-04 13:30:07,800,-0.0480,+50.45,0,LLLLLLLLLL,LLLLLLLLLLLLLLLL,LLLLLLLLL
178,2023-06-04 13:30:07,850,-0.0560,+50.46,0,LLLLLLLLLL,LLLLLLLLLLLLLLLL,LLLLLLLLL
179,2023-06-04 13:30:07,900,-0.0480,+50.45,0,LLLLLLLLLL,LLLLLLLLLLLLLLLL,LLLLLLLLL
180,2023-06-04 13:30:07,950,-0.0480,+50.46,0,LLLLLLLLLL,LLLLLLLLLLLLLLLL,LLLLLLLLL
181,2023-06-04 13:30:08,000,-0.0400,+50.46,0,LLLLLLLLLL,LLLLLLLLLLLLLLLL,LLLLLLLLL
182,2023-06-04 13:30:08,050,-0.0480,+50.45,0,LLLLLLLLLL,LLLLLLLLLLLLLLLL,LLLLLLLLL
183,2023-06-04 13:30:08,100,-0.0400,+50.46,0,LLLLLLLLLL,LLLLLLLLLLLLLLLL,LLLLLLLLL
184,2023-06-04 13:30:08,150,-0.0480,+50.45,0,LLLLLLLLLL,LLLLLLLLLLLLLLLL,LLLLLLLLL
185,2023-06-04 13:30:08,200,-0.0480,+50.46,0,LLLLLLLLLL,LLLLLLLLLLLLLLLL,LLLLLLLLL
186,2023-06-04 13:30:08,250,-0.0320,+50.46,0,LLLLLLLLLL,LLLLLLLLLLLLLLLL,LLLLLLLLL
187,2023-06-04 13:30:08,300,-0.0480,+50.46,0,LLLLLLLLLL,LLLLLLLLLLLLLLLL,LLLLLLLLL
188,2023-06-04 13:30:08,350,-0.0400,+50.46,0,LLLLLLLLLL,LLLLLLLLLLLLLLLL,LLLLLLLLL
189,2023-06-04 13:30:08,400,-0.0400,+50.46,0,LLLLLLLLLL,LLLLLLLLLLLLLLLL,LLLLLLLLL
190,2023-06-04 13:30:08,450,-0.0400,+50.45,0,LLLLLLLLLL,LLLLLLLLLLLLLLLL,LLLLLLLLL
191,2023-06-04 13:30:08,500,-0.0400,+50.45,0,LLLLLLLLLL,LLLLLLLLLLLLLLLL,LLLLLLLLL
192,2023-06-04 13:30:08,550,-0.0480,+50.45,0,LLLLLLLLLL,LLLLLLLLLLLLLLLL,LLLLLLLLL
193,2023-06-04 13:30:08,600,-0.0400,+50.45,0,LLLLLLLLLL,LLLLLLLLLLLLLLLL,LLLLLLLLL
194,2023-06-04 13:30:08,650,-0.0400,+50.46,0,LLLLLLLLLL,LLLLLLLLLLLLLLLL,LLLLLLLLL
195,2023-06-04 13:30:08,700,-0.0320,+50.45,0,LLLLLLLLLL,LLLLLLLLLLLLLLLL,LLLLLLLLL
196,2023-06-04 13:30:08,750,-0.0480,+50.46,0,LLLLLLLLLL,LLLLLLLLLLLLLLLL,LLLLLLLLL
197,2023-06-04 13:30:08,800,-0.0400,+50.46,0,LLLLLLLLLL,LLLLLLLLLLLLLLLL,LLLLLLLLL
198,2023-06-04 13:30:08,850,-0.0400,+50.46,0,LLLLLLLLLL,LLLLLLLLLLLLLLLL,LLLLLLLLL
199,2023-06-04 13:30:08,900,-0.0400,+50.46,0,LLLLLLLLLL,LLLLLLLLLLLLLLLL,LLLLLLLLL
200,2023-06-04 13:30:08,950,-0.0400,+50.45,0,LLLLLLLLLL,LLLLLLLLLLLLLLLL,LLLLLLLLL
201,2023-06-04 13:30:09,000,-0.0400,+50.45,0,LLLLLLLLLL,LLLLLLLLLLLLLLLL,LLLLLLLLL
202,2023-06-04 13:30:09,050,-0.0480,+50.46,0,LLLLLLLLLL,LLLLLLLLLLLLLLLL,LLLLLLLLL
203,2023-06-04 13:30:09,100,-0.0480,+50.46,0,LLLLLLLLLL,LLLLLLLLLLLLLLLL,LLLLLLLLL
204,2023-06-04 13:30:09,150,-0.0400,+50.45,0,LLLLLLLLLL,LLLLLLLLLLLLLLLL,LLLLLLLLL
205,2023-06-04 13:30:09,200,-0.0400,+50.45,0,LLLLLLLLLL,LLLLLLLLLLLLLLLL,LLLLLLLLL
206,2023-06-04 13:30:09,250,-0.0400,+50.46,0,LLLLLLLLLL,LLLLLLLLLLLLLLLL,LLLLLLLLL
207,2023-06-04 13:30:09,300,-0.0480,+50.45,0,LLLLLLLLLL,LLLLLLLLLLLLLLLL,LLLLLLLLL
208,2023-06-04 13:30:09,350,-0.0400,+50.46,0,LLLLLLLLLL,LLLLLLLLLLLLLLLL,LLLLLLLLL
209,2023-06-04 13:30:09,400,-0.0480,+50.45,0,LLLLLLLLLL,LLLLLLLLLLLLLLLL,LLLLLLLLL
210,2023-06-04 13:30:09,450,-0.0480,+50.46,0,LLLLLLLLLL,LLLLLLLLLLLLLLLL,LLLLLLLLL
211,2023-06-04 13:30:09,500,-0.0400,+50.46,0,LLLLLLLLLL,LLLLLLLLLLLLLLLL,LLLLLLLLL
212,2023-06-04 13:30:09,550,-0.0480,+50.45,0,LLLLLLLLLL,LLLLLLLLLLLLLLLL,LLLLLLLLL
213,2023-06-04 13:30:09,600,-0.0400,+50.46,0,LLLLLLLLLL,LLLLLLLLLLLLLLLL,LLLLLLLLL
214,2023-06-04 13:30:09,650,-0.0480,+50.46,0,LLLLLLLLLL,LLLLLLLLLLLLLLLL,LLLLLLLLL
215,2023-06-04 13:30:09,700,-0.0480,+50.46,0,LLLLLLLLLL,LLLLLLLLLLLLLLLL,LLLLLLLLL
216,2023-06-04 13:30:09,750,-0.0400,+50.46,0,LLLLLLLLLL,LLLLLLLLLLLLLLLL,LLLLLLLLL
217,2023-06-04 13:30:09,800,-0.0320,+50.46,0,LLLLLLLLLL,LLLLLLLLLLLLLLLL,LLLLLLLLL
218,2023-06-04 13:30:09,850,-0.0480,+50.46,0,LLLLLLLLLL,LLLLLLLLLLLLLLLL,LLLLLLLLL
219,2023-06-04 13:30:09,900,-0.0480,+50.46,0,LLLLLLLLLL,LLLLLLLLLLLLLLLL,LLLLLLLLL
220,2023-06-04 13:30:09,950,-0.0400,+50.46,0,LLLLLLLLLL,LLLLLLLLLLLLLLLL,LLLLLLLLL
221,2023-06-04 13:30:10,000,-0.0400,+50.46,0,LLLLLLLLLL,LLLLLLLLLLLLLLLL,LLLLLLLLL
222,2023-06-04 13:30:10,050,-0.0560,+50.46,0,LLLLLLLLLL,LLLLLLLLLLLLLLLL,LLLLLLLLL
223,2023-06-04 13:30:10,100,-0.0560,+50.46,0,LLLLLLLLLL,LLLLLLLLLLLLLLLL,LLLLLLLLL
224,2023-06-04 13:30:10,150,-0.0480,+50.46,0,LLLLLLLLLL,LLLLLLLLLLLLLLLL,LLLLLLLLL
225,2023-06-04 13:30:10,200,-0.0400,+50.45,0,LLLLLLLLLL,LLLLLLLLLLLLLLLL,LLLLLLLLL
226,2023-06-04 13:30:10,250,-0.0400,+50.46,0,LLLLLLLLLL,LLLLLLLLLLLLLLLL,LLLLLLLLL
227,2023-06-04 13:30:10,300,-0.0400,+50.46,0,LLLLLLLLLL,LLLLLLLLLLLLLLLL,LLLLLLLLL
228,2023-06-04 13:30:10,350,-0.0320,+50.46,0,LLLLLLLLLL,LLLLLLLLLLLLLLLL,LLLLLLLLL
229,2023-06-04 13:30:10,400,-0.0480,+50.46,0,LLLLLLLLLL,LLLLLLLLLLLLLLLL,LLLLLLLLL
230,2023-06-04 13:30:10,450,-0.0400,+50.46,0,LLLLLLLLLL,LLLLLLLLLLLLLLLL,LLLLLLLLL
231,2023-06-04 13:30:10,500,-0.0320,+50.46,0,LLLLLLLLLL,LLLLLLLLLLLLLLLL,LLLLLLLLL
232,2023-06-04 13:30:10,550,-0.0480,+50.46,0,LLLLLLLLLL,LLLLLLLLLLLLLLLL,LLLLLLLLL
233,2023-06-04 13:30:10,600,-0.0480,+50.46,0,LLLLLLLLLL,LLLLLLLLLLLLLLLL,LLLLLLLLL
234,2023-06-04 13:30:10,650,-0.0400,+50.46,0,LLLLLLLLLL,LLLLLLLLLLLLLLLL,LLLLLLLLL
235,2023-06-04 13:30:10,700,-0.0480,+50.46,0,LLLLLLLLLL,LLLLLLLLLLLLLLLL,LLLLLLLLL
236,2023-06-04 13:30:10,750,-0.0480,+50.46,0,LLLLLLLLLL,LLLLLLLLLLLLLLLL,LLLLLLLLL
237,2023-06-04 13:30:10,800,-0.0400,+50.45,0,LLLLLLLLLL,LLLLLLLLLLLLLLLL,LLLLLLLLL
238,2023-06-04 13:30:10,850,-0.0480,+50.45,0,LLLLLLLLLL,LLLLLLLLLLLLLLLL,LLLLLLLLL
239,2023-06-04 13:30:10,900,-0.0560,+50.46,0,LLLLLLLLLL,LLLLLLLLLLLLLLLL,LLLLLLLLL
240,2023-06-04 13:30:10,950,-0.0560,+50.46,0,LLLLLLLLLL,LLLLLLLLLLLLLLLL,LLLLLLLLL
241,2023-06-04 13:30:11,000,-0.0480,+50.46,0,LLLLLLLLLL,LLLLLLLLLLLLLLLL,LLLLLLLLL
242,2023-06-04 13:30:11,050,-0.0480,+50.46,0,LLLLLLLLLL,LLLLLLLLLLLLLLLL,LLLLLLLLL
243,2023-06-04 13:30:11,100,-0.0480,+50.46,0,LLLLLLLLLL,LLLLLLLLLLLLLLLL,LLLLLLLLL
244,2023-06-04 13:30:11,150,-0.0400,+50.46,0,LLLLLLLLLL,LLLLLLLLLLLLLLLL,LLLLLLLLL
245,2023-06-04 13:30:11,200,-0.0480,+50.46,0,LLLLLLLLLL,LLLLLLLLLLLLLLLL,LLLLLLLLL
246,2023-06-04 13:30:11,250,-0.0560,+50.46,0,LLLLLLLLLL,LLLLLLLLLLLLLLLL,LLLLLLLLL
247,2023-06-04 13:30:11,300,-0.0480,+50.45,0,LLLLLLLLLL,LLLLLLLLLLLLLLLL,LLLLLLLLL
248,2023-06-04 13:30:11,350,-0.0400,+50.46,0,LLLLLLLLLL,LLLLLLLLLLLLLLLL,LLLLLLLLL
249,2023-06-04 13:30:11,400,-0.0480,+50.45,0,LLLLLLLLLL,LLLLLLLLLLLLLLLL,LLLLLLLLL
250,2023-06-04 13:30:11,450,-0.0400,+50.46,0,LLLLLLLLLL,LLLLLLLLLLLLLLLL,LLLLLLLLL
251,2023-06-04 13:30:11,500,-0.0400,+50.46,0,LLLLLLLLLL,LLLLLLLLLLLLLLLL,LLLLLLLLL
252,2023-06-04 13:30:11,550,-0.0480,+50.46,0,LLLLLLLLLL,LLLLLLLLLLLLLLLL,LLLLLLLLL
253,2023-06-04 13:30:11,600,-0.0560,+50.46,0,LLLLLLLLLL,LLLLLLLLLLLLLLLL,LLLLLLLLL
254,2023-06-04 13:30:11,650,-0.0480,+50.46,0,LLLLLLLLLL,LLLLLLLLLLLLLLLL,LLLLLLLLL
255,2023-06-04 13:30:11,700,-0.0480,+50.46,0,LLLLLLLLLL,LLLLLLLLLLLLLLLL,LLLLLLLLL
256,2023-06-04 13:30:11,750,-0.0400,+50.46,0,LLLLLLLLLL,LLLLLLLLLLLLLLLL,LLLLLLLLL
257,2023-06-04 13:30:11,800,-0.0480,+50.46,0,LLLLLLLLLL,LLLLLLLLLLLLLLLL,LLLLLLLLL
258,2023-06-04 13:30:11,850,-0.0320,+50.46,0,LLLLLLLLLL,LLLLLLLLLLLLLLLL,LLLLLLLLL
259,2023-06-04 13:30:11,900,-0.0480,+50.46,0,LLLLLLLLLL,LLLLLLLLLLLLLLLL,LLLLLLLLL
260,2023-06-04 13:30:11,950,-0.0480,+50.46,0,LLLLLLLLLL,LLLLLLLLLLLLLLLL,LLLLLLLLL
261,2023-06-04 13:30:12,000,-0.0480,+50.46,0,LLLLLLLLLL,LLLLLLLLLLLLLLLL,LLLLLLLLL
262,2023-06-04 13:30:12,050,-0.0480,+50.46,0,LLLLLLLLLL,LLLLLLLLLLLLLLLL,LLLLLLLLL
263,2023-06-04 13:30:12,100,-0.0400,+50.46,0,LLLLLLLLLL,LLLLLLLLLLLLLLLL,LLLLLLLLL
264,2023-06-04 13:30:12,150,-0.0400,+50.46,0,LLLLLLLLLL,LLLLLLLLLLLLLLLL,LLLLLLLLL
265,2023-06-04 13:30:12,200,-0.0480,+50.46,0,LLLLLLLLLL,LLLLLLLLLLLLLLLL,LLLLLLLLL
266,2023-06-04 13:30:12,250,-0.0480,+50.46,0,LLLLLLLLLL,LLLLLLLLLLLLLLLL,LLLLLLLLL
267,2023-06-04 13:30:12,300,-0.0320,+50.46,0,LLLLLLLLLL,LLLLLLLLLLLLLLLL,LLLLLLLLL
268,2023-06-04 13:30:12,350,-0.0480,+50.46,0,LLLLLLLLLL,LLLLLLLLLLLLLLLL,LLLLLLLLL
269,2023-06-04 13:30:12,400,-0.0400,+50.46,0,LLLLLLLLLL,LLLLLLLLLLLLLLLL,LLLLLLLLL
270,2023-06-04 13:30:12,450,-0.0480,+50.46,0,LLLLLLLLLL,LLLLLLLLLLLLLLLL,LLLLLLLLL
271,2023-06-04 13:30:12,500,-0.0480,+50.45,0,LLLLLLLLLL,LLLLLLLLLLLLLLLL,LLLLLLLLL
272,2023-06-04 13:30:12,550,-0.0480,+50.46,0,LLLLLLLLLL,LLLLLLLLLLLLLLLL,LLLLLLLLL
273,2023-06-04 13:30:12,600,-0.0560,+50.46,0,LLLLLLLLLL,LLLLLLLLLLLLLLLL,LLLLLLLLL
274,2023-06-04 13:30:12,650,-0.0400,+50.46,0,LLLLLLLLLL,LLLLLLLLLLLLLLLL,LLLLLLLLL
275,2023-06-04 13:30:12,700,-0.0400,+50.46,0,LLLLLLLLLL,LLLLLLLLLLLLLLLL,LLLLLLLLL
276,2023-06-04 13:30:12,750,-0.0480,+50.46,0,LLLLLLLLLL,LLLLLLLLLLLLLLLL,LLLLLLLLL
277,2023-06-04 13:30:12,800,-0.0400,+50.45,0,LLLLLLLLLL,LLLLLLLLLLLLLLLL,LLLLLLLLL
278,2023-06-04 13:30:12,850,-0.0400,+50.46,0,LLLLLLLLLL,LLLLLLLLLLLLLLLL,LLLLLLLLL
279,2023-06-04 13:30:12,900,-0.0400,+50.46,0,LLLLLLLLLL,LLLLLLLLLLLLLLLL,LLLLLLLLL
280,2023-06-04 13:30:12,950,-0.0480,+50.47,0,LLLLLLLLLL,LLLLLLLLLLLLLLLL,LLLLLLLLL
281,2023-06-04 13:30:13,000,-0.0480,+50.46,0,LLLLLLLLLL,LLLLLLLLLLLLLLLL,LLLLLLLLL
282,2023-06-04 13:30:13,050,-0.0480,+50.46,0,LLLLLLLLLL,LLLLLLLLLLLLLLLL,LLLLLLLLL
283,2023-06-04 13:30:13,100,-0.0400,+50.46,0,LLLLLLLLLL,LLLLLLLLLLLLLLLL,LLLLLLLLL
284,2023-06-04 13:30:13,150,-0.0480,+50.46,0,LLLLLLLLLL,LLLLLLLLLLLLLLLL,LLLLLLLLL
285,2023-06-04 13:30:13,200,-0.0400,+50.46,0,LLLLLLLLLL,LLLLLLLLLLLLLLLL,LLLLLLLLL
286,2023-06-04 13:30:13,250,-0.0400,+50.46,0,LLLLLLLLLL,LLLLLLLLLLLLLLLL,LLLLLLLLL
287,2023-06-04 13:30:13,300,-0.0480,+50.46,0,LLLLLLLLLL,LLLLLLLLLLLLLLLL,LLLLLLLLL
288,2023-06-04 13:30:13,350,-0.0480,+50.46,0,LLLLLLLLLL,LLLLLLLLLLLLLLLL,LLLLLLLLL
289,2023-06-04 13:30:13,400,-0.0400,+50.46,0,LLLLLLLLLL,LLLLLLLLLLLLLLLL,LLLLLLLLL
290,2023-06-04 13:30:13,450,-0.0560,+50.46,0,LLLLLLLLLL,LLLLLLLLLLLLLLLL,LLLLLLLLL
291,2023-06-04 13:30:13,500,-0.0400,+50.46,0,LLLLLLLLLL,LLLLLLLLLLLLLLLL,LLLLLLLLL
292,2023-06-04 13:30:13,550,-0.0400,+50.46,0,LLLLLLLLLL,LLLLLLLLLLLLLLLL,LLLLLLLLL
293,2023-06-04 13:30:13,600,-0.0400,+50.46,0,LLLLLLLLLL,LLLLLLLLLLLLLLLL,LLLLLLLLL
294,2023-06-04 13:30:13,650,-0.0480,+50.46,0,LLLLLLLLLL,LLLLLLLLLLLLLLLL,LLLLLLLLL
295,2023-06-04 13:30:13,700,-0.0480,+50.46,0,LLLLLLLLLL,LLLLLLLLLLLLLLLL,LLLLLLLLL
296,2023-06-04 13:30:13,750,-0.0480,+50.46,0,LLLLLLLLLL,LLLLLLLLLLLLLLLL,LLLLLLLLL
297,2023-06-04 13:30:13,800,-0.0400,+50.46,0,LLLLLLLLLL,LLLLLLLLLLLLLLLL,LLLLLLLLL
298,2023-06-04 13:30:13,850,-0.0480,+50.46,0,LLLLLLLLLL,LLLLLLLLLLLLLLLL,LLLLLLLLL
299,2023-06-04 13:30:13,900,-0.0320,+50.46,0,LLLLLLLLLL,LLLLLLLLLLLLLLLL,LLLLLLLLL
300,2023-06-04 13:30:13,950,-0.0400,+50.46,0,LLLLLLLLLL,LLLLLLLLLLLLLLLL,LLLLLLLLL
301,2023-06-04 13:30:14,000,-0.0400,+50.47,0,LLLLLLLLLL,LLLLLLLLLLLLLLLL,LLLLLLLLL
302,2023-06-04 13:30:14,050,-0.0400,+50.46,0,LLLLLLLLLL,LLLLLLLLLLLLLLLL,LLLLLLLLL
303,2023-06-04 13:30:14,100,-0.0400,+50.46,0,LLLLLLLLLL,LLLLLLLLLLLLLLLL,LLLLLLLLL
304,2023-06-04 13:30:14,150,-0.0480,+50.46,0,LLLLLLLLLL,LLLLLLLLLLLLLLLL,LLLLLLLLL
305,2023-06-04 13:30:14,200,-0.0400,+50.46,0,LLLLLLLLLL,LLLLLLLLLLLLLLLL,LLLLLLLLL
306,2023-06-04 13:30:14,250,-0.0480,+50.46,0,LLLLLLLLLL,LLLLLLLLLLLLLLLL,LLLLLLLLL
307,2023-06-04 13:30:14,300,-0.0480,+50.46,0,LLLLLLLLLL,LLLLLLLLLLLLLLLL,LLLLLLLLL
308,2023-06-04 13:30:14,350,-0.0480,+50.46,0,LLLLLLLLLL,LLLLLLLLLLLLLLLL,LLLLLLLLL
309,2023-06-04 13:30:14,400,-0.0480,+50.46,0,LLLLLLLLLL,LLLLLLLLLLLLLLLL,LLLLLLLLL
310,2023-06-04 13:30:14,450,-0.0400,+50.46,0,LLLLLLLLLL,LLLLLLLLLLLLLLLL,LLLLLLLLL
311,2023-06-04 13:30:14,500,-0.0480,+50.46,0,LLLLLLLLLL,LLLLLLLLLLLLLLLL,LLLLLLLLL
312,2023-06-04 13:30:14,550,-0.0320,+50.46,0,LLLLLLLLLL,LLLLLLLLLLLLLLLL,LLLLLLLLL
313,2023-06-04 13:30:14,600,-0.0480,+50.46,0,LLLLLLLLLL,LLLLLLLLLLLLLLLL,LLLLLLLLL
314,2023-06-04 13:30:14,650,-0.0400,+50.46,0,LLLLLLLLLL,LLLLLLLLLLLLLLLL,LLLLLLLLL
315,2023-06-04 13:30:14,700,-0.0400,+50.46,0,LLLLLLLLLL,LLLLLLLLLLLLLLLL,LLLLLLLLL
316,2023-06-04 13:30:14,750,-0.0560,+50.46,0,LLLLLLLLLL,LLLLLLLLLLLLLLLL,LLLLLLLLL
317,2023-06-04 13:30:14,800,-0.0320,+50.46,0,LLLLLLLLLL,LLLLLLLLLLLLLLLL,LLLLLLLLL
318,2023-06-04 13:30:14,850,-0.0480,+50.46,0,LLLLLLLLLL,LLLLLLLLLLLLLLLL,LLLLLLLLL
319,2023-06-04 13:30:14,900,-0.0480,+50.47,0,LLLLLLLLLL,LLLLLLLLLLLLLLLL,LLLLLLLLL
320,2023-06-04 13:30:14,950,-0.0480,+50.46,0,LLLLLLLLLL,LLLLLLLLLLLLLLLL,LLLLLLLLL
321,2023-06-04 13:30:15,000,-0.0320,+50.46,0,LLLLLLLLLL,LLLLLLLLLLLLLLLL,LLLLLLLLL
322,2023-06-04 13:30:15,050,-0.0400,+50.47,0,LLLLLLLLLL,LLLLLLLLLLLLLLLL,LLLLLLLLL
323,2023-06-04 13:30:15,100,-0.0400,+50.46,0,LLLLLLLLLL,LLLLLLLLLLLLLLLL,LLLLLLLLL
324,2023-06-04 13:30:15,150,-0.0400,+50.46,0,LLLLLLLLLL,LLLLLLLLLLLLLLLL,LLLLLLLLL
325,2023-06-04 13:30:15,200,-0.0480,+50.46,0,LLLLLLLLLL,LLLLLLLLLLLLLLLL,LLLLLLLLL
326,2023-06-04 13:30:15,250,-0.0400,+50.46,0,LLLLLLLLLL,LLLLLLLLLLLLLLLL,LLLLLLLLL
327,2023-06-04 13:30:15,300,-0.0400,+50.46,0,LLLLLLLLLL,LLLLLLLLLLLLLLLL,LLLLLLLLL
328,2023-06-04 13:30:15,350,-0.0400,+50.46,0,LLLLLLLLLL,LLLLLLLLLLLLLLLL,LLLLLLLLL
329,2023-06-04 13:30:15,400,-0.0480,+50.46,0,LLLLLLLLLL,LLLLLLLLLLLLLLLL,LLLLLLLLL
330,2023-06-04 13:30:15,450,-0.0400,+50.46,0,LLLLLLLLLL,LLLLLLLLLLLLLLLL,LLLLLLLLL
331,2023-06-04 13:30:15,500,-0.0320,+50.46,0,LLLLLLLLLL,LLLLLLLLLLLLLLLL,LLLLLLLLL
332,2023-06-04 13:30:15,550,-0.0400,+50.46,0,LLLLLLLLLL,LLLLLLLLLLLLLLLL,LLLLLLLLL
333,2023-06-04 13:30:15,600,-0.0320,+50.46,0,LLLLLLLLLL,LLLLLLLLLLLLLLLL,LLLLLLLLL
334,2023-06-04 13:30:15,650,-0.0400,+50.46,0,LLLLLLLLLL,LLLLLLLLLLLLLLLL,LLLLLLLLL
335,2023-06-04 13:30:15,700,-0.0400,+50.46,0,LLLLLLLLLL,LLLLLLLLLLLLLLLL,LLLLLLLLL
336,2023-06-04 13:30:15,750,-0.0480,+50.46,0,LLLLLLLLLL,LLLLLLLLLLLLLLLL,LLLLLLLLL
337,2023-06-04 13:30:15,800,-0.0480,+50.46,0,LLLLLLLLLL,LLLLLLLLLLLLLLLL,LLLLLLLLL
338,2023-06-04 13:30:15,850,-0.0400,+50.46,0,LLLLLLLLLL,LLLLLLLLLLLLLLLL,LLLLLLLLL
339,2023-06-04 13:30:15,900,-0.0560,+50.46,0,LLLLLLLLLL,LLLLLLLLLLLLLLLL,LLLLLLLLL
340,2023-06-04 13:30:15,950,-0.0480,+50.46,0,LLLLLLLLLL,LLLLLLLLLLLLLLLL,LLLLLLLLL
341,2023-06-04 13:30:16,000,-0.0400,+50.46,0,LLLLLLLLLL,LLLLLLLLLLLLLLLL,LLLLLLLLL
342,2023-06-04 13:30:16,050,-0.0400,+50.46,0,LLLLLLLLLL,LLLLLLLLLLLLLLLL,LLLLLLLLL
343,2023-06-04 13:30:16,100,-0.0400,+50.46,0,LLLLLLLLLL,LLLLLLLLLLLLLLLL,LLLLLLLLL
344,2023-06-04 13:30:16,150,-0.0400,+50.46,0,LLLLLLLLLL,LLLLLLLLLLLLLLLL,LLLLLLLLL
345,2023-06-04 13:30:16,200,-0.0400,+50.46,0,LLLLLLLLLL,LLLLLLLLLLLLLLLL,LLLLLLLLL
346,2023-06-04 13:30:16,250,-0.0400,+50.46,0,LLLLLLLLLL,LLLLLLLLLLLLLLLL,LLLLLLLLL
347,2023-06-04 13:30:16,300,-0.0320,+50.47,0,LLLLLLLLLL,LLLLLLLLLLLLLLLL,LLLLLLLLL
348,2023-06-04 13:30:16,350,-0.0400,+50.47,0,LLLLLLLLLL,LLLLLLLLLLLLLLLL,LLLLLLLLL
349,2023-06-04 13:30:16,400,-0.0400,+50.46,0,LLLLLLLLLL,LLLLLLLLLLLLLLLL,LLLLLLLLL
350,2023-06-04 13:30:16,450,-0.0480,+50.46,0,LLLLLLLLLL,LLLLLLLLLLLLLLLL,LLLLLLLLL
351,2023-06-04 13:30:16,500,-0.0400,+50.46,0,LLLLLLLLLL,LLLLLLLLLLLLLLLL,LLLLLLLLL
352,2023-06-04 13:30:16,550,-0.0400,+50.46,0,LLLLLLLLLL,LLLLLLLLLLLLLLLL,LLLLLLLLL
353,2023-06-04 13:30:16,600,-0.0400,+50.46,0,LLLLLLLLLL,LLLLLLLLLLLLLLLL,LLLLLLLLL
354,2023-06-04 13:30:16,650,-0.0400,+50.46,0,LLLLLLLLLL,LLLLLLLLLLLLLLLL,LLLLLLLLL
355,2023-06-04 13:30:16,700,-0.0400,+50.46,0,LLLLLLLLLL,LLLLLLLLLLLLLLLL,LLLLLLLLL
356,2023-06-04 13:30:16,750,-0.0480,+50.46,0,LLLLLLLLLL,LLLLLLLLLLLLLLLL,LLLLLLLLL
357,2023-06-04 13:30:16,800,-0.0400,+50.46,0,LLLLLLLLLL,LLLLLLLLLLLLLLLL,LLLLLLLLL
358,2023-06-04 13:30:16,850,-0.0480,+50.46,0,LLLLLLLLLL,LLLLLLLLLLLLLLLL,LLLLLLLLL
359,2023-06-04 13:30:16,900,-0.0480,+50.46,0,LLLLLLLLLL,LLLLLLLLLLLLLLLL,LLLLLLLLL
360,2023-06-04 13:30:16,950,-0.0400,+50.46,0,LLLLLLLLLL,LLLLLLLLLLLLLLLL,LLLLLLLLL
361,2023-06-04 13:30:17,000,-0.0560,+50.46,0,LLLLLLLLLL,LLLLLLLLLLLLLLLL,LLLLLLLLL
362,2023-06-04 13:30:17,050,-0.0480,+50.46,0,LLLLLLLLLL,LLLLLLLLLLLLLLLL,LLLLLLLLL
363,2023-06-04 13:30:17,100,-0.0480,+50.46,0,LLLLLLLLLL,LLLLLLLLLLLLLLLL,LLLLLLLLL
364,2023-06-04 13:30:17,150,-0.0560,+50.46,0,LLLLLLLLLL,LLLLLLLLLLLLLLLL,LLLLLLLLL
365,2023-06-04 13:30:17,200,-0.0560,+50.46,0,LLLLLLLLLL,LLLLLLLLLLLLLLLL,LLLLLLLLL
366,2023-06-04 13:30:17,250,-0.0480,+50.46,0,LLLLLLLLLL,LLLLLLLLLLLLLLLL,LLLLLLLLL
367,2023-06-04 13:30:17,300,-0.0400,+50.46,0,LLLLLLLLLL,LLLLLLLLLLLLLLLL,LLLLLLLLL
368,2023-06-04 13:30:17,350,-0.0400,+50.46,0,LLLLLLLLLL,LLLLLLLLLLLLLLLL,LLLLLLLLL
369,2023-06-04 13:30:17,400,-0.0560,+50.46,0,LLLLLLLLLL,LLLLLLLLLLLLLLLL,LLLLLLLLL
370,2023-06-04 13:30:17,450,-0.0400,+50.47,0,LLLLLLLLLL,LLLLLLLLLLLLLLLL,LLLLLLLLL
371,2023-06-04 13:30:17,500,-0.0480,+50.46,0,LLLLLLLLLL,LLLLLLLLLLLLLLLL,LLLLLLLLL
372,2023-06-04 13:30:17,550,-0.0480,+50.46,0,LLLLLLLLLL,LLLLLLLLLLLLLLLL,LLLLLLLLL
373,2023-06-04 13:30:17,600,-0.0480,+50.46,0,LLLLLLLLLL,LLLLLLLLLLLLLLLL,LLLLLLLLL
374,2023-06-04 13:30:17,650,-0.0400,+50.46,0,LLLLLLLLLL,LLLLLLLLLLLLLLLL,LLLLLLLLL
375,2023-06-04 13:30:17,700,-0.0480,+50.47,0,LLLLLLLLLL,LLLLLLLLLLLLLLLL,LLLLLLLLL
376,2023-06-04 13:30:17,750,-0.0480,+50.47,0,LLLLLLLLLL,LLLLLLLLLLLLLLLL,LLLLLLLLL
377,2023-06-04 13:30:17,800,-0.0480,+50.46,0,LLLLLLLLLL,LLLLLLLLLLLLLLLL,LLLLLLLLL
378,2023-06-04 13:30:17,850,-0.0320,+50.46,0,LLLLLLLLLL,LLLLLLLLLLLLLLLL,LLLLLLLLL
379,2023-06-04 13:30:17,900,-0.0400,+50.47,0,LLLLLLLLLL,LLLLLLLLLLLLLLLL,LLLLLLLLL
380,2023-06-04 13:30:17,950,-0.0320,+50.46,0,LLLLLLLLLL,LLLLLLLLLLLLLLLL,LLLLLLLLL
381,2023-06-04 13:30:18,000,-0.0480,+50.47,0,LLLLLLLLLL,LLLLLLLLLLLLLLLL,LLLLLLLLL
382,2023-06-04 13:30:18,050,-0.0400,+50.47,0,LLLLLLLLLL,LLLLLLLLLLLLLLLL,LLLLLLLLL
383,2023-06-04 13:30:18,100,-0.0400,+50.46,0,LLLLLLLLLL,LLLLLLLLLLLLLLLL,LLLLLLLLL
384,2023-06-04 13:30:18,150,-0.0400,+50.46,0,LLLLLLLLLL,LLLLLLLLLLLLLLLL,LLLLLLLLL
385,2023-06-04 13:30:18,200,-0.0400,+50.47,0,LLLLLLLLLL,LLLLLLLLLLLLLLLL,LLLLLLLLL
386,2023-06-04 13:30:18,250,-0.0560,+50.46,0,LLLLLLLLLL,LLLLLLLLLLLLLLLL,LLLLLLLLL
